{
    "xF": 1.4258,
    "x": [1.415, 1.420, 1.425, 1.430, 1.435, 1.440],
    "y": [0.888551, 0.889599, 0.890637, 0.891667, 0.892687, 0.893698]
}