{
    "xF": 0.235,
    "x": [0.11, 0.15, 0.21, 0.29, 0.35, 0.4],
    "y": [9.065421, 6.61659, 4.69170, 3.35106, 2.7395, 2.36522]
}